id_customer,date_creation,customer_name,id_region,id_country
1,2023-10-31,Connor Johnson,3,10
2,2023-11-20,Olivia Smith,1,7
3,2023-11-3,Liam Brown,4,3
4,2023-10-18,Emma Davis,2,2
5,2023-11-20,Noah Miller,1,5
6,2023-11-15,Charlotte Wilson,5,4
7,2023-11-15,Mason Taylor,4,3
8,2023-10-12,Ava Anderson,3,7
9,2023-10-10,William White,1,9
10,2023-10-21,Sophia Harris,4,10
11,2023-11-22,James Martin,3,2
12,2023-11-16,Amelia Thompson,5,1
13,2023-11-29,Aiden Martinez,3,2
14,2023-10-5,Isabella Clark,2,1
15,2023-12-1,Lucas Lee,1,2
16,2023-11-12,Ella Walker,4,7
17,2023-10-22,Michael Turner,2,3
18,2023-10-19,Samantha Hall,5,10
19,2023-10-22,Austin Cooper,2,7
20,2023-10-31,Madison King,1,4
21,2023-12-20,Ethan Carter,4,1
22,2023-11-1,Avery Nelson,3,4
23,2023-11-3,Grace Adams,1,5
24,2023-12-2,Logan Baker,5,6
25,2023-12-7,Lily Phillips,1,3
26,2023-10-23,Owen Turner,5,7
27,2023-11-11,Hannah Wright,3,1
28,2023-12-16,Dylan Morris,3,1
29,2023-11-29,Emily Parker,3,4
30,2023-11-12,Jack Evans,5,10
31,2023-10-20,Natalie Morris,4,9
32,2023-11-1,Carter Reed,5,5
33,2023-11-22,Hailey Phillips,1,3
34,2023-11-4,Landon Green,4,6
35,2023-12-11,Scarlett Turner,5,9
36,2023-10-7,Isaac Mitchell,1,7
37,2023-11-2,Evelyn Hill,4,6
38,2023-11-19,Madeline Collins,1,5
39,2023-12-11,Grayson Reed,5,5
40,2023-10-31,Audrey Murphy,3,7
41,2023-12-18,Luke Baker,1,6
42,2023-11-18,Zoey Campbell,2,3
43,2023-10-30,Levi Kelly,3,7
44,2023-11-15,Chloe Price,2,9
45,2023-11-17,Jackson Foster,4,7
46,2023-11-10,Peyton Morris,3,10
47,2023-11-29,Riley Martinez,5,3
48,2023-12-12,Harper Foster,2,4
49,2023-11-26,Anna Sullivan,3,9
50,2023-11-18,Nathan Turner,5,7
