id_product,product_name,category,unit_price
1,Air Jordan 1,Jordan,$175
2,Air Force 1,Air Force,$105
3,Dunk Low,Dunk,$125
4,Air Max 90,Air Max,$140
5,Blazer Mid,Blazer,$95
6,Cortez,Cortez,$85
7,Zoom Pegasus,Pegasus,$135
8,React Element,React,$150
9,VaporMax,VaporMax,$220
10,SB Janoski,SB,$95
11,Air Presto,Presto,$140
12,Huarache,Huarache,$125
13,Free Run,Free,$115
14,ACG Terra Gobe,ACG,$140
15,Off-White Nike Air Force ,Collaboration,$200
16,Travis Scott x Nike Air Jordan 1,Collaboration,$275
17,Air Jordan 11,Jordan,$225
18,Air Jordan 4,Jordan,$215
19,Air Max 270,Air Max,$175
20,Air Max 97,Air Max,$190
21,Roshe Run,Roshe,$85
22,Air Max Plus,Air Max,$175
23,Air Jordan 3,Jordan,$215
24,Nike x Sacai LDWaffle,ollaboration,$190
25,Air Max 95,Air Max,$195
